,Child utterance,Child gaze,Child gesture,Parent utterance,Verbal scaffolding,Parent gaze,Parent gesture,Child prop manipulation,Parent prop manipulation,Conversational turns,Joint attention,Mutual gaze,time
0,0,1,0,0,0,1,0,0,0,0,1,0,8.318
1,0,1,0,0,0,1,0,0,0,0,1,0,8.818
2,0,1,0,0,0,1,0,0,0,0,1,0,9.318
3,0,1,0,0,0,1,0,0,0,0,0,0,9.818
4,0,1,0,0,0,1,0,0,0,0,0,1,10.318
5,0,1,0,0,0,1,0,0,0,0,0,1,10.818
6,0,1,0,0,0,1,0,0,0,0,1,1,11.318
7,0,1,0,0,0,1,0,0,0,0,1,0,11.818
8,0,1,0,0,0,1,0,0,0,0,1,0,12.318
9,0,1,0,0,0,1,0,0,0,0,1,0,12.818
10,0,1,0,0,0,1,0,0,0,0,1,0,13.318
11,1,1,0,0,0,1,0,0,0,0,0,1,13.818
12,1,1,0,0,0,1,0,0,0,0,0,1,14.318
13,0,1,0,0,0,1,0,0,0,0,1,0,14.818
14,0,1,0,0,0,1,0,0,0,0,1,0,15.318
15,0,1,0,0,0,1,0,0,0,0,1,0,15.818
16,0,1,0,0,0,1,0,0,0,0,1,0,16.317999999999998
17,0,1,0,0,0,1,0,0,0,0,1,0,16.817999999999998
18,0,1,0,0,0,1,0,0,0,0,1,0,17.317999999999998
19,0,1,0,0,0,1,0,0,0,0,1,0,17.817999999999998
20,0,1,0,0,0,1,0,0,0,0,1,0,18.317999999999998
21,0,1,0,0,0,1,0,0,0,0,1,0,18.817999999999998
22,0,1,0,0,0,1,0,0,0,0,1,0,19.317999999999998
23,0,1,1,0,0,1,0,0,0,0,1,0,19.817999999999998
24,0,1,1,0,0,1,0,0,0,0,1,0,20.317999999999998
25,0,1,1,0,0,1,0,0,0,0,1,0,20.817999999999998
26,0,1,1,0,0,1,0,0,0,0,1,0,21.317999999999998
27,0,1,1,0,0,1,0,0,0,0,1,0,21.817999999999998
28,0,1,1,0,0,1,0,0,0,0,1,0,22.317999999999998
29,0,1,0,0,0,1,0,0,0,0,1,0,22.817999999999998
30,0,1,0,0,0,1,0,0,0,0,1,0,23.317999999999998
31,0,1,0,0,0,1,0,0,0,0,1,0,23.817999999999998
32,0,1,0,0,0,1,0,0,0,0,1,0,24.317999999999998
33,0,1,0,0,0,1,0,0,0,0,0,0,24.817999999999998
34,0,1,0,0,0,1,0,0,0,0,0,0,25.317999999999998
35,0,1,0,0,0,1,0,0,0,0,0,0,25.817999999999998
36,0,1,0,0,0,1,0,0,0,0,0,0,26.317999999999998
37,0,1,0,0,0,1,0,0,0,0,0,0,26.817999999999998
38,0,1,0,0,0,1,0,0,0,0,0,0,27.317999999999998
39,0,1,0,0,0,1,0,0,0,0,1,0,27.817999999999998
40,0,1,0,0,0,1,0,0,0,0,1,0,28.317999999999998
41,0,1,0,0,0,1,0,0,0,0,1,0,28.817999999999998
42,0,1,0,0,0,1,0,0,0,0,1,0,29.317999999999998
43,0,1,0,0,0,1,0,0,0,0,1,0,29.817999999999998
44,0,1,0,0,0,1,0,0,0,0,1,0,30.317999999999998
45,0,1,0,0,0,1,0,0,0,0,1,0,30.817999999999998
46,0,1,0,0,0,1,0,0,0,0,1,0,31.317999999999998
47,0,1,0,0,0,1,0,0,0,0,1,0,31.817999999999998
48,0,1,1,0,0,1,0,0,0,0,1,0,32.318
49,0,1,1,0,0,1,0,0,0,0,1,0,32.818
50,0,1,1,0,0,1,0,0,0,0,1,0,33.318
51,0,1,1,0,0,1,0,0,0,0,1,0,33.818
52,0,1,1,0,0,1,0,0,0,0,1,0,34.318
53,0,1,1,0,0,1,0,0,0,0,1,0,34.818
54,0,1,1,0,0,1,0,0,0,0,1,0,35.318
55,0,1,1,0,0,1,0,0,0,0,1,0,35.818
56,0,1,1,0,0,1,0,0,0,0,1,0,36.318
57,0,1,0,0,0,1,0,0,0,0,1,0,36.818
58,0,1,0,0,0,1,0,0,0,0,1,0,37.318
59,0,1,0,0,0,1,0,0,0,0,1,0,37.818
60,0,1,0,0,0,1,0,0,0,0,1,0,38.318
61,0,1,0,0,0,1,0,0,0,0,1,0,38.818
62,0,1,0,0,0,1,0,0,0,0,1,0,39.318
63,0,1,0,0,0,0,0,0,0,0,0,0,39.818
64,0,1,0,0,0,0,0,0,0,0,0,0,40.318
65,0,1,0,0,0,0,0,0,0,0,0,0,40.818
66,0,1,0,0,0,0,0,0,0,0,0,0,41.318
67,0,1,0,0,0,1,0,0,0,0,1,0,41.818
68,0,1,0,0,0,1,0,0,0,0,1,0,42.318
69,0,1,0,0,0,1,0,0,0,0,1,0,42.818
70,0,1,0,0,0,1,0,0,0,0,1,0,43.318
71,0,1,0,0,0,1,0,0,0,0,1,0,43.818
72,0,1,0,0,0,1,0,0,0,0,1,0,44.318
73,0,1,0,0,0,1,0,0,0,0,1,0,44.818
74,0,1,0,0,0,1,0,0,0,0,1,0,45.318
75,0,1,0,0,0,1,0,0,0,0,1,0,45.818
76,0,1,0,0,0,1,0,0,0,0,1,0,46.318
77,1,1,0,0,0,1,0,0,0,0,1,0,46.818
78,1,1,0,0,0,1,0,0,0,0,0,1,47.318
79,1,1,0,0,0,1,0,0,0,0,0,1,47.818
80,0,1,0,0,0,1,0,0,0,0,0,1,48.318
81,0,1,0,0,0,1,0,0,0,0,0,1,48.818
82,0,1,0,0,0,1,0,0,0,0,0,1,49.318
83,0,0,0,0,0,1,0,0,0,0,0,0,49.818
84,0,0,0,0,0,1,0,0,0,0,0,0,50.318
85,0,0,0,0,0,1,0,0,0,0,0,0,50.818
86,1,0,0,0,0,1,0,0,0,1,0,0,51.318
87,1,0,0,0,0,1,0,0,0,1,0,0,51.818
88,1,0,0,0,0,1,0,0,0,1,0,0,52.318
89,0,0,0,0,0,1,0,0,0,1,0,0,52.818
90,0,0,0,0,0,1,0,0,0,1,0,0,53.318
91,0,0,0,1,0,1,0,0,0,1,0,0,53.818
92,0,0,0,1,0,1,0,0,0,1,0,0,54.318
93,0,0,0,0,0,1,0,0,0,0,0,0,54.818
94,0,0,0,0,0,1,0,0,0,0,0,0,55.318
95,0,0,0,0,0,1,0,0,0,0,0,0,55.818
96,0,0,0,0,0,1,0,0,0,0,0,0,56.318
97,0,1,0,0,0,1,0,0,0,0,0,0,56.818
98,0,1,0,0,0,1,0,0,0,0,0,0,57.318
99,0,1,0,0,0,1,0,0,0,0,0,0,57.818
100,0,1,0,0,0,1,0,0,0,0,0,0,58.318
101,0,1,0,0,0,1,0,0,0,0,0,0,58.818
102,0,1,0,0,0,1,0,0,0,0,0,0,59.318
103,0,1,0,0,0,1,0,0,0,0,0,0,59.818
104,0,1,0,0,0,1,0,0,0,0,0,0,60.318
105,0,1,0,0,0,1,0,0,0,0,0,0,60.818
106,0,1,0,0,0,1,0,0,0,0,0,0,61.318
107,0,1,0,0,0,1,0,0,0,0,0,0,61.818
108,0,1,0,0,0,1,0,0,0,0,0,0,62.318
109,0,1,0,0,0,1,0,0,0,0,0,0,62.818
110,0,1,0,0,0,1,0,0,0,0,0,0,63.318
111,0,1,0,0,0,1,0,0,0,0,0,0,63.818
112,0,1,0,0,0,1,0,0,0,0,0,0,64.318
113,0,1,0,0,0,1,0,0,0,0,0,0,64.818
114,0,1,0,0,0,1,0,0,0,0,0,1,65.318
115,1,1,0,0,0,1,0,0,0,0,0,1,65.818
116,1,1,0,0,0,1,0,0,0,0,0,1,66.318
117,1,1,0,0,0,1,0,0,0,0,0,1,66.818
118,1,1,0,0,0,1,0,0,0,0,0,1,67.318
119,0,1,0,0,0,1,0,0,0,0,0,0,67.818
120,0,1,0,0,0,1,0,0,0,0,0,0,68.318
121,0,1,0,0,0,1,0,0,0,0,1,0,68.818
122,0,1,0,0,0,1,0,0,0,0,1,0,69.318
123,0,1,0,0,0,1,0,0,0,0,1,0,69.818
124,0,1,0,0,0,1,0,0,0,0,1,0,70.318
125,0,1,0,0,0,1,0,0,0,0,1,0,70.818
126,0,1,0,0,0,1,0,0,0,0,1,0,71.318
127,0,1,0,0,0,1,0,0,0,0,1,0,71.818
128,0,1,0,0,0,1,0,0,0,0,1,0,72.318
129,0,1,0,0,0,1,0,0,0,0,1,0,72.818
130,0,1,0,0,0,1,0,0,0,0,1,0,73.318
131,0,1,0,0,0,1,0,0,0,0,1,0,73.818
132,0,1,0,0,0,1,0,0,0,0,1,0,74.318
133,0,1,0,0,0,1,0,0,0,0,1,0,74.818
134,0,1,0,0,0,1,0,0,0,0,1,0,75.318
135,0,1,0,0,0,1,0,0,0,0,0,0,75.818
136,0,1,0,0,0,1,0,0,0,0,0,0,76.318
137,0,1,0,0,0,1,0,0,0,0,0,0,76.818
138,0,1,0,0,0,1,0,0,0,0,0,0,77.318
139,0,1,0,0,0,1,0,0,0,0,0,0,77.818
140,0,1,0,0,0,1,0,0,0,0,0,0,78.318
141,0,1,0,0,0,1,0,0,0,0,0,0,78.818
142,0,1,0,0,0,1,0,0,0,0,0,0,79.318
143,0,1,0,0,0,1,0,0,0,0,0,0,79.818
144,0,1,0,1,0,1,0,0,0,1,0,0,80.318
145,0,1,0,1,0,1,0,0,0,1,0,0,80.818
146,0,1,0,0,0,1,0,0,0,1,0,1,81.318
147,0,1,0,0,0,1,0,0,0,1,0,1,81.818
148,0,1,0,0,0,1,0,0,0,1,0,1,82.318
149,1,1,0,0,0,1,0,0,0,1,0,1,82.818
150,1,1,0,0,0,1,0,0,0,1,0,1,83.318
151,1,1,0,0,0,1,0,0,0,1,0,1,83.818
152,0,1,0,0,0,1,0,0,0,1,0,1,84.318
153,0,1,0,0,0,1,0,0,0,1,0,0,84.818
154,0,1,0,0,0,1,0,0,0,1,0,0,85.318
155,0,1,0,0,0,1,0,0,0,1,1,0,85.818
156,0,1,0,1,1,1,1,0,0,1,1,0,86.318
157,0,1,0,1,1,1,1,0,0,1,1,0,86.818
158,0,1,0,1,1,1,1,0,0,1,1,0,87.318
159,0,1,0,0,0,1,0,0,0,0,1,0,87.818
160,0,1,0,0,0,1,0,0,0,0,1,0,88.318
161,0,1,0,0,0,1,0,0,0,0,1,0,88.818
162,0,1,0,0,0,1,0,0,0,0,1,0,89.318
163,0,1,0,0,0,1,0,0,0,0,1,0,89.818
164,0,1,0,0,0,1,0,0,0,0,1,0,90.318
165,0,1,0,0,0,1,0,0,0,0,1,0,90.818
166,0,1,0,0,0,1,0,0,0,0,1,0,91.318
167,0,1,0,0,0,1,0,0,0,0,1,0,91.818
168,0,1,0,0,0,1,0,0,0,0,1,0,92.318
169,0,1,0,0,0,1,0,0,0,0,1,0,92.818
170,0,1,0,0,0,1,0,0,0,0,1,0,93.318
171,0,1,0,0,0,1,0,0,0,0,1,0,93.818
172,0,1,1,0,0,1,0,0,0,0,1,0,94.318
173,0,1,1,0,0,1,0,0,0,0,1,0,94.818
174,0,1,1,0,0,1,0,0,0,0,1,0,95.318
175,0,1,1,0,0,1,0,0,0,0,1,0,95.818
176,0,1,0,0,0,1,0,0,0,0,1,0,96.318
177,0,1,0,0,0,1,0,0,0,0,1,0,96.818
178,0,1,0,0,0,1,0,0,0,0,1,0,97.318
179,0,1,0,0,0,1,0,0,0,0,1,0,97.818
180,0,1,0,0,0,1,0,0,0,0,1,0,98.318
181,0,1,0,0,0,1,0,0,0,0,1,0,98.818
182,0,1,0,0,0,1,0,0,0,0,1,0,99.318
183,0,1,0,0,0,1,0,0,0,0,1,0,99.818
184,0,1,0,0,0,1,0,0,0,0,1,0,100.318
185,0,1,0,0,0,1,0,0,0,0,1,0,100.818
186,0,1,0,0,0,1,0,0,0,0,1,0,101.318
187,0,1,0,0,0,1,0,0,0,0,1,0,101.818
188,0,1,0,0,0,1,0,0,0,0,1,0,102.318
189,0,1,0,0,0,1,0,0,0,0,1,0,102.818
190,0,1,0,0,0,1,0,0,0,0,1,0,103.318
191,0,1,0,0,0,1,0,0,0,0,1,0,103.818
192,0,1,0,0,0,1,0,0,0,0,1,0,104.318
193,0,1,0,0,0,1,0,0,0,0,1,0,104.818
194,0,1,0,0,0,1,0,0,0,0,1,0,105.318
195,0,1,0,0,0,1,0,0,0,0,1,0,105.818
196,0,1,0,0,0,1,0,0,0,0,1,0,106.318
197,0,1,0,0,0,1,0,0,0,0,1,0,106.818
198,0,1,0,0,0,1,0,0,0,0,1,0,107.318
199,0,1,0,0,0,1,0,0,0,0,1,0,107.818
200,0,1,0,0,0,1,0,0,0,0,1,0,108.318
201,0,1,0,0,0,1,0,0,0,0,1,0,108.818
202,0,1,0,0,0,1,0,0,0,0,1,0,109.318
203,0,1,0,0,0,1,0,0,0,0,1,0,109.818
204,0,1,0,0,0,1,0,0,0,0,1,0,110.318
205,0,1,0,0,0,1,0,0,0,0,1,0,110.818
206,0,1,0,0,0,1,0,0,0,0,1,0,111.318
207,0,1,0,0,0,1,0,0,0,0,1,0,111.818
208,1,1,0,0,0,1,0,0,0,0,1,0,112.318
209,1,1,0,0,0,1,0,0,0,0,1,0,112.818
210,1,1,0,0,0,1,0,0,0,0,1,0,113.318
211,1,1,0,0,0,1,0,0,0,0,0,0,113.818
212,1,1,1,0,0,1,0,0,0,0,0,1,114.318
213,1,1,1,0,0,1,0,0,0,0,0,1,114.818
214,1,1,1,0,0,1,0,0,0,0,0,1,115.318
215,1,1,1,0,0,1,0,0,0,0,0,1,115.818
216,0,1,0,0,0,1,0,0,0,0,1,0,116.318
217,0,1,0,0,0,1,0,0,0,0,1,0,116.818
218,0,1,0,0,0,1,0,0,0,0,1,0,117.318
219,0,1,0,0,0,1,0,0,0,0,1,0,117.818
220,0,1,0,0,0,1,0,0,0,0,1,0,118.318
221,0,1,0,0,0,1,0,0,0,0,1,0,118.818
222,0,1,0,0,0,1,0,0,0,0,1,0,119.318
223,0,1,0,0,0,1,0,0,0,0,0,0,119.818
224,0,1,0,0,0,1,1,0,0,0,0,0,120.318
225,0,1,0,0,0,1,1,0,0,0,1,0,120.818
226,0,1,0,0,0,1,1,0,0,0,1,0,121.318
227,0,1,0,1,0,0,1,0,0,0,0,0,121.818
228,0,1,0,1,0,0,1,0,0,0,0,0,122.318
229,0,1,0,1,0,0,1,0,0,0,0,0,122.818
230,0,1,0,1,0,1,0,0,0,0,1,0,123.318
231,0,1,0,1,0,1,0,0,0,0,1,0,123.818
232,0,1,0,1,0,1,0,0,0,0,0,1,124.318
233,0,1,0,0,0,1,0,0,0,0,0,1,124.818
234,0,1,0,0,0,1,0,0,0,0,0,1,125.318
235,0,1,0,0,0,1,1,0,0,0,1,0,125.818
236,0,1,0,1,1,1,1,0,0,0,1,0,126.318
237,0,1,0,1,1,1,1,0,0,0,1,0,126.818
238,0,1,0,1,1,1,1,0,0,0,0,0,127.318
239,0,1,0,1,1,1,0,0,0,0,1,0,127.818
240,0,1,0,0,0,1,0,0,0,0,1,0,128.318
241,0,1,0,0,0,1,0,1,0,0,0,0,128.818
242,0,1,0,0,0,1,0,1,0,0,0,0,129.318
243,0,1,0,0,0,1,0,1,0,0,0,0,129.818
244,0,1,0,0,0,1,0,1,0,0,1,0,130.318
245,0,1,0,0,0,1,0,1,0,0,1,0,130.818
246,0,1,0,0,0,1,0,1,0,0,0,0,131.318
247,0,1,0,0,0,1,0,1,0,0,1,0,131.818
248,0,1,0,0,0,1,0,1,0,0,1,0,132.318
249,0,1,0,0,0,1,0,0,1,0,1,0,132.818
250,0,1,0,0,0,1,0,0,1,0,1,0,133.318
251,0,1,0,0,0,1,0,0,1,0,1,0,133.818
252,0,1,0,0,0,1,0,0,1,0,1,0,134.318
253,0,1,0,0,0,1,0,0,1,0,1,0,134.818
254,0,1,0,0,0,1,0,0,1,0,1,0,135.318
255,0,1,0,0,0,1,0,0,1,0,1,0,135.818
256,0,1,0,0,0,1,0,0,1,0,1,0,136.318
257,1,1,1,0,0,1,0,0,1,0,1,0,136.818
258,1,1,1,0,0,1,0,0,1,0,1,0,137.318
259,0,1,1,1,1,1,0,0,1,1,1,0,137.818
260,0,1,1,1,1,1,0,0,1,1,1,0,138.318
261,0,1,1,1,1,1,0,1,1,1,1,0,138.818
262,0,1,0,0,0,1,0,1,0,1,1,0,139.318
263,0,1,0,0,0,1,0,1,0,1,1,0,139.818
264,0,1,0,0,0,1,0,1,0,1,1,0,140.318
265,0,1,0,0,0,1,0,0,0,1,1,0,140.818
266,0,1,0,0,0,1,0,0,0,1,1,0,141.318
267,0,1,0,0,0,1,0,0,0,1,1,0,141.818
268,1,1,0,0,0,1,0,0,0,1,0,1,142.318
269,0,1,0,0,0,1,0,0,0,0,0,1,142.818
270,0,1,0,0,0,1,0,0,0,0,1,1,143.318
271,0,1,0,0,0,1,0,0,0,0,1,0,143.818
272,0,1,0,0,0,1,0,0,0,0,0,0,144.318
273,0,1,0,0,0,1,0,0,0,0,0,0,144.818
274,0,1,0,0,0,1,0,1,0,0,0,0,145.318
275,0,1,0,0,0,1,0,1,0,0,1,0,145.818
276,0,1,0,0,0,1,1,1,0,0,1,0,146.318
277,0,1,0,0,0,1,1,1,0,0,0,0,146.818
278,0,1,0,0,0,1,1,1,0,0,1,0,147.318
279,0,1,0,0,0,1,1,1,0,0,1,0,147.818
280,0,1,0,0,0,1,0,1,0,0,1,0,148.318
281,0,1,0,0,0,1,0,1,0,0,1,1,148.818
282,0,1,0,0,0,1,0,1,0,0,0,1,149.318
283,0,1,0,0,0,1,0,1,0,0,0,1,149.818
284,0,1,0,0,0,1,0,1,0,0,0,1,150.318
285,0,1,0,0,0,1,0,1,0,0,0,1,150.818
286,0,1,0,0,0,1,0,1,0,0,1,0,151.318
287,0,1,0,0,0,1,0,1,0,0,1,0,151.818
288,0,1,0,0,0,1,0,1,0,0,1,0,152.318
289,0,1,0,0,0,1,0,1,0,0,0,0,152.818
290,0,1,0,0,0,1,0,1,0,0,0,0,153.318
291,0,1,0,0,0,1,0,0,0,0,0,0,153.818
292,0,1,0,1,1,1,0,0,0,0,0,0,154.318
293,0,1,0,1,1,1,0,0,0,0,0,0,154.818
294,0,1,0,1,1,1,0,0,0,0,0,0,155.318
295,0,1,0,1,1,1,0,0,0,0,0,0,155.818
296,0,1,0,0,0,1,0,0,0,0,1,0,156.318
297,0,1,0,1,1,1,0,0,0,0,0,0,156.818
298,0,1,0,1,1,1,0,0,0,0,0,0,157.318
299,0,1,0,0,0,1,0,0,1,0,1,0,157.818
300,0,1,0,0,0,1,0,0,1,0,1,0,158.318
301,0,1,0,0,0,1,0,0,1,0,1,0,158.818
302,0,1,0,0,0,1,0,0,0,0,1,0,159.318
303,0,1,0,1,1,1,0,0,0,0,1,0,159.818
304,0,1,0,1,1,1,0,1,0,0,1,0,160.318
305,0,1,0,0,0,1,0,1,0,0,1,0,160.818
306,0,1,0,0,0,1,0,1,0,0,1,0,161.318
307,0,1,0,0,0,1,0,1,0,0,1,0,161.818
308,0,1,0,0,0,1,0,1,0,0,1,0,162.318
309,0,1,0,0,0,1,0,1,0,0,1,0,162.818
310,0,1,0,0,0,1,0,1,0,0,1,0,163.318
311,0,1,0,0,0,1,0,1,0,0,1,0,163.818
312,0,1,0,0,0,1,0,1,0,0,1,0,164.318
313,0,1,0,0,0,1,0,0,0,0,1,0,164.818
314,0,1,0,0,0,1,0,0,0,0,1,0,165.318
315,0,1,0,1,1,1,0,0,0,0,1,0,165.818
316,0,1,0,1,1,1,0,0,0,0,0,1,166.318
317,0,1,0,1,1,1,0,0,0,0,0,1,166.818
318,0,1,0,0,0,1,0,0,0,0,0,1,167.318
319,0,1,0,0,0,1,0,0,0,0,0,0,167.818
320,0,1,0,0,0,1,0,0,0,0,0,0,168.318
321,0,1,0,0,0,1,0,0,0,0,0,0,168.818
322,0,1,0,0,0,1,0,0,0,0,0,0,169.318
323,0,1,0,1,1,1,0,1,0,0,0,0,169.818
324,0,1,0,1,1,1,0,1,0,0,0,0,170.318
325,0,1,0,1,1,0,0,1,0,0,0,0,170.818
326,0,1,0,1,1,1,0,1,0,0,1,0,171.318
327,0,1,0,1,1,1,0,1,0,0,1,0,171.818
328,0,1,0,0,0,1,0,1,0,0,1,0,172.318
329,0,1,0,0,0,1,0,1,0,0,1,0,172.818
330,0,1,0,0,0,1,0,1,0,0,1,0,173.318
331,0,1,0,0,0,1,0,1,0,0,1,0,173.818
332,0,1,0,0,0,1,0,1,0,0,1,0,174.318
333,0,1,0,1,1,1,0,0,0,0,1,0,174.818
334,0,1,0,1,1,1,0,0,0,0,1,0,175.318
335,0,1,0,0,0,1,0,0,0,0,0,0,175.818
336,0,1,0,0,0,1,0,0,0,0,0,0,176.318
337,0,1,0,0,0,1,0,0,0,0,0,0,176.818
338,0,1,0,0,0,1,0,0,0,0,0,0,177.318
339,0,1,0,0,0,1,0,0,0,0,1,0,177.818
340,0,1,0,0,0,1,0,0,0,0,1,0,178.318
341,0,1,0,0,0,1,1,1,0,0,1,0,178.818
342,0,1,0,1,1,1,1,1,0,0,1,0,179.318
343,0,1,0,1,1,1,1,1,0,0,0,0,179.818
344,0,1,0,1,1,1,1,1,0,0,1,0,180.318
345,0,1,0,1,1,1,1,1,0,0,1,0,180.818
346,0,1,0,1,1,1,0,1,0,0,1,0,181.318
347,0,1,0,1,1,1,0,1,0,0,1,0,181.818
348,0,1,0,0,0,1,0,1,0,0,0,0,182.318
349,0,1,0,0,0,1,0,1,0,0,0,0,182.818
350,0,1,0,0,0,1,0,1,0,0,1,0,183.318
351,0,1,0,0,0,1,0,1,0,0,1,0,183.818
352,0,1,0,0,0,1,0,1,0,0,1,0,184.318
353,0,1,0,1,1,1,0,0,0,0,1,0,184.818
354,0,1,0,1,1,1,0,1,0,0,1,0,185.318
355,0,1,0,1,1,1,0,1,0,0,1,0,185.818
356,0,1,0,1,1,1,1,1,0,0,1,0,186.318
357,0,1,0,1,1,1,1,1,0,0,1,0,186.818
358,0,1,0,1,1,1,1,1,0,0,1,0,187.318
359,0,1,0,1,1,1,1,1,0,0,1,0,187.818
360,0,1,0,1,1,1,1,1,0,0,1,0,188.318
361,0,1,0,1,1,1,1,1,0,0,1,0,188.818
362,0,1,0,0,0,1,1,0,0,0,1,0,189.318
363,0,1,0,0,0,1,1,0,0,0,1,0,189.818
364,0,1,0,1,1,1,1,0,0,0,1,0,190.318
365,0,1,0,1,1,1,1,1,0,0,1,0,190.818
366,0,1,0,0,0,1,0,1,0,0,1,0,191.318
367,0,1,0,0,0,1,0,1,0,0,1,0,191.818
368,0,1,0,0,0,1,0,1,0,0,0,0,192.318
369,0,1,0,0,0,1,0,1,0,0,1,0,192.818
370,0,1,0,0,0,1,0,1,0,0,1,0,193.318
371,0,1,0,0,0,1,0,1,0,0,1,0,193.818
372,0,1,0,0,0,1,0,1,0,0,1,0,194.318
373,0,1,0,0,0,1,0,1,0,0,0,0,194.818
374,0,1,0,1,1,1,0,0,0,0,0,0,195.318
375,0,1,0,0,0,1,1,0,0,0,0,0,195.818
376,0,1,0,1,1,1,1,0,0,0,1,0,196.318
377,0,1,0,1,1,1,1,0,0,0,1,0,196.818
378,0,1,0,1,1,1,0,0,0,0,1,0,197.318
379,0,1,0,0,0,1,0,0,0,0,0,0,197.818
380,0,1,0,0,0,1,0,1,0,0,0,0,198.318
381,0,1,0,0,0,1,0,1,0,0,0,0,198.818
382,0,1,0,0,0,1,0,1,0,0,0,0,199.318
383,0,1,0,0,0,1,0,1,0,0,0,0,199.818
384,0,1,0,0,0,1,0,1,0,0,0,0,200.318
385,0,1,0,0,0,1,0,0,0,0,1,0,200.818
386,0,1,0,0,0,1,0,0,0,0,1,0,201.318
387,0,1,0,0,0,1,0,0,0,0,1,0,201.818
388,0,1,0,0,0,1,0,0,0,0,1,0,202.318
389,0,1,0,0,0,1,0,0,0,0,1,0,202.818
390,0,1,0,0,0,1,0,0,0,0,1,0,203.318
391,0,1,0,0,0,1,0,0,0,0,1,0,203.818
392,0,1,0,0,0,1,0,0,0,0,1,0,204.318
393,0,1,0,0,0,1,0,0,0,0,1,0,204.818
394,0,1,0,0,0,1,1,0,0,0,1,0,205.318
395,0,1,0,0,0,1,1,0,0,0,1,0,205.818
396,0,1,0,0,0,1,1,0,0,0,1,0,206.318
397,0,1,0,1,1,1,1,0,0,0,1,0,206.818
398,0,1,0,1,1,1,1,1,0,0,1,0,207.318
399,0,1,0,0,0,1,0,1,0,0,1,0,207.818
400,0,1,0,0,0,1,0,1,0,0,0,0,208.318
401,0,1,0,0,0,1,0,1,0,0,0,0,208.818
402,0,1,0,0,0,1,0,1,0,0,0,0,209.318
403,0,1,0,0,0,1,0,1,0,0,0,0,209.818
404,0,1,0,0,0,1,0,0,0,0,0,0,210.318
405,0,1,0,0,0,1,0,0,0,0,0,0,210.818
406,0,0,0,1,1,0,0,0,0,0,0,0,211.318
407,0,0,0,1,1,1,0,0,0,0,0,0,211.818
408,0,0,0,1,1,1,0,0,0,0,0,0,212.318
409,0,0,0,1,1,1,0,0,0,0,0,0,212.818
410,0,0,0,1,1,1,0,0,0,0,0,0,213.318
411,0,1,0,1,1,1,0,0,0,0,1,0,213.818
412,0,1,0,1,1,1,0,0,0,0,1,0,214.318
413,0,1,0,1,1,1,0,1,0,0,1,0,214.818
414,0,1,0,0,0,1,0,1,0,0,1,0,215.318
415,0,1,0,0,0,1,0,1,0,0,1,0,215.818
416,0,1,0,0,0,1,0,1,0,0,1,0,216.318
417,0,1,0,0,0,1,0,1,0,0,1,0,216.818
418,0,1,0,0,0,1,0,1,0,0,1,0,217.318
419,0,1,0,0,0,1,0,1,0,0,1,0,217.818
420,0,1,0,0,0,1,0,1,0,0,1,0,218.318
421,0,1,0,0,0,0,0,0,0,0,0,0,218.818
422,0,1,0,0,0,0,0,0,0,0,0,0,219.318
423,0,1,0,0,0,0,0,0,0,0,0,0,219.818
424,0,1,0,0,0,0,0,0,0,0,0,0,220.318
425,0,0,0,0,0,0,0,0,0,0,0,0,220.818
426,0,0,0,0,0,0,0,0,0,0,0,0,221.318
427,0,0,0,0,0,0,0,0,0,0,0,0,221.818
428,0,0,0,0,0,0,0,0,0,0,0,0,222.318
429,0,0,0,0,0,0,0,0,0,0,0,0,222.818
430,0,1,0,0,0,0,0,0,0,0,0,0,223.318
431,0,1,0,0,0,0,0,0,0,0,0,0,223.818
432,0,1,0,1,1,0,0,0,0,0,0,0,224.318
433,0,1,0,1,1,0,0,0,0,0,0,0,224.818
434,0,1,0,1,1,0,0,0,0,0,0,0,225.318
435,0,1,0,0,0,0,0,0,0,0,0,0,225.818
436,0,1,0,0,0,1,0,0,0,0,1,0,226.318
437,0,1,0,0,0,1,0,0,0,0,1,0,226.818
438,0,1,0,0,0,1,0,0,0,0,1,0,227.318
439,0,1,0,0,0,1,0,0,0,0,1,0,227.818
440,0,1,0,0,0,1,0,0,0,0,1,0,228.318
441,0,1,0,0,0,1,0,0,0,0,1,0,228.818
442,0,1,0,0,0,1,0,0,0,0,1,0,229.318
443,0,1,0,0,0,1,0,0,0,0,1,0,229.818
444,0,1,0,0,0,1,0,0,0,0,1,0,230.318
445,0,1,0,0,0,1,0,0,0,0,1,0,230.818
446,0,1,0,0,0,1,0,0,0,0,1,0,231.318
447,0,1,0,0,0,1,0,0,0,0,1,0,231.818
448,0,1,0,0,0,1,0,0,0,0,0,0,232.318
449,0,1,0,0,0,1,0,0,0,0,0,0,232.818
450,0,1,0,0,0,1,0,0,0,0,0,0,233.318
451,0,1,0,0,0,1,0,0,0,0,0,0,233.818
452,0,1,0,0,0,1,0,0,0,0,0,0,234.318
453,0,1,0,0,0,1,0,0,0,0,0,0,234.818
454,0,1,0,0,0,1,0,0,0,0,0,0,235.318
455,0,1,0,0,0,1,0,0,0,0,0,0,235.818
456,0,1,0,0,0,1,0,0,0,0,0,0,236.318
457,0,1,0,0,0,0,0,0,0,0,0,0,236.818
458,0,1,0,0,0,0,0,0,0,0,0,0,237.318
459,0,1,0,0,0,0,0,0,0,0,0,0,237.818
460,0,1,0,0,0,0,0,0,0,0,0,0,238.318
461,0,1,0,0,0,0,0,0,0,0,0,0,238.818
462,0,1,0,0,0,0,0,0,0,0,0,0,239.318
463,0,1,0,0,0,1,0,0,0,0,0,0,239.818
464,0,1,0,0,0,1,0,0,0,0,0,0,240.318
465,0,1,0,0,0,1,0,0,0,0,0,0,240.818
466,0,1,0,0,0,1,0,0,0,0,0,0,241.318
467,0,1,0,0,0,1,0,0,0,0,0,0,241.818
468,0,1,0,0,0,1,0,0,0,0,0,0,242.318
469,0,1,0,0,0,1,0,0,0,0,0,0,242.818
470,0,1,0,0,0,0,0,0,0,0,0,0,243.318
471,0,1,0,0,0,0,0,0,0,0,0,0,243.818
472,0,1,0,0,0,0,0,0,0,0,0,0,244.318
473,0,1,0,1,1,1,0,0,0,0,0,0,244.818
474,0,1,0,1,1,1,0,0,0,0,0,0,245.318
475,0,1,0,1,1,1,0,0,0,0,0,0,245.818
476,0,1,0,1,1,1,0,0,0,0,0,0,246.318
477,0,1,0,1,1,1,0,0,0,0,0,0,246.818
478,0,1,0,0,0,1,0,0,0,0,0,0,247.318
479,0,1,0,0,0,1,0,0,0,0,0,0,247.818
480,0,1,1,0,0,1,0,0,0,0,0,0,248.318
481,0,1,1,1,1,1,0,0,0,0,0,0,248.818
482,0,1,1,1,1,1,0,0,0,0,0,0,249.318
483,0,1,0,0,0,1,0,1,0,0,0,0,249.818
484,0,1,0,0,0,1,0,1,0,0,0,0,250.318
485,0,1,0,0,0,1,0,1,0,0,0,0,250.818
486,0,1,0,0,0,1,0,1,0,0,0,0,251.318
487,0,1,0,0,0,1,0,1,0,0,0,0,251.818
488,0,1,0,0,0,1,0,1,0,0,0,0,252.318
489,0,1,0,0,0,1,0,1,0,0,0,0,252.818
490,0,1,0,0,0,1,0,1,0,0,0,0,253.318
491,0,1,0,0,0,1,0,1,0,0,0,0,253.818
492,0,1,0,0,0,1,0,0,0,0,0,0,254.318
493,0,1,0,0,0,1,0,0,0,0,0,0,254.818
494,0,1,0,1,1,1,0,0,0,0,0,0,255.318
495,0,1,0,1,1,1,0,0,0,0,0,0,255.818
496,0,1,0,1,1,1,0,0,0,0,0,0,256.318
497,0,1,0,1,1,1,0,0,0,0,0,0,256.818
498,0,1,0,1,1,0,0,0,0,0,0,0,257.318
499,0,0,0,0,0,0,0,0,0,0,0,0,257.818
500,0,0,0,0,0,1,0,0,0,0,0,0,258.318
501,0,0,0,0,0,1,0,0,0,0,0,0,258.818
502,0,0,0,1,1,1,0,0,0,0,0,0,259.318
503,0,0,0,1,1,1,0,0,0,0,0,0,259.818
504,0,1,0,1,1,1,0,0,0,0,0,0,260.318
505,0,1,0,1,1,1,0,0,0,0,0,0,260.818
506,0,1,0,1,1,1,0,0,0,0,0,0,261.318
507,0,1,0,0,0,1,0,0,0,0,0,0,261.818
508,0,1,0,0,0,1,0,0,0,0,0,0,262.318
509,0,1,0,0,0,1,0,1,0,0,0,0,262.818
510,0,1,0,0,0,1,0,1,0,0,0,0,263.318
511,0,1,0,0,0,1,0,1,0,0,0,0,263.818
512,0,1,0,0,0,1,0,1,0,0,0,0,264.318
513,0,1,0,1,1,1,0,1,0,0,0,0,264.818
514,0,1,0,1,1,1,0,1,0,0,0,0,265.318
515,0,1,0,1,1,1,0,1,0,0,0,0,265.818
516,0,1,0,1,1,1,0,1,0,0,0,0,266.318
517,0,1,0,1,1,1,0,1,0,0,0,0,266.818
518,0,1,0,0,0,1,0,1,0,0,0,0,267.318
519,0,1,0,0,0,1,0,0,0,0,0,0,267.818
520,0,1,0,0,0,1,0,0,0,0,1,0,268.318
521,0,1,0,0,0,1,0,0,0,0,1,0,268.818
522,0,1,0,0,0,1,0,0,0,0,1,0,269.318
523,0,1,0,0,0,1,0,0,0,0,0,0,269.818
524,0,1,0,0,0,1,0,0,0,0,0,0,270.318
525,0,1,0,0,0,1,0,0,0,0,0,0,270.818
526,0,1,0,1,0,1,0,0,0,0,0,0,271.318
527,0,1,0,1,0,1,0,0,0,0,0,0,271.818
528,0,1,0,1,0,1,0,0,0,0,0,0,272.318
529,0,1,0,1,0,1,0,0,0,0,0,0,272.818
530,0,1,0,0,0,1,0,0,0,0,0,0,273.318
531,0,1,0,0,0,1,0,0,0,0,0,0,273.818
532,0,1,0,0,0,1,0,0,0,0,0,0,274.318
533,0,0,0,0,0,1,0,0,0,0,0,0,274.818
534,0,0,0,0,0,1,0,0,0,0,0,0,275.318
535,0,1,0,0,0,1,0,0,0,0,0,0,275.818
536,0,1,0,0,0,0,0,0,0,0,0,0,276.318
537,0,1,0,0,0,0,0,0,0,0,0,0,276.818
538,0,1,0,0,0,0,0,0,0,0,0,0,277.318
539,0,1,0,0,0,0,0,0,0,0,0,0,277.818
540,0,1,0,0,0,1,0,0,0,0,0,0,278.318
541,0,1,0,0,0,1,0,0,0,0,0,0,278.818
542,0,1,0,1,1,1,0,0,0,1,0,0,279.318
543,0,1,0,1,1,1,0,0,0,1,0,0,279.818
544,0,1,0,1,1,1,0,0,0,1,0,0,280.318
545,0,1,0,0,0,1,0,0,0,1,0,0,280.818
546,0,1,0,0,0,1,0,0,0,1,0,0,281.318
547,0,1,0,0,0,1,0,0,0,1,0,1,281.818
548,1,1,0,0,0,1,0,0,0,1,0,1,282.318
549,1,1,0,0,0,1,0,0,0,1,0,1,282.818
550,1,1,0,0,0,1,0,0,0,1,0,1,283.318
551,0,1,0,1,0,1,0,0,0,1,0,1,283.818
552,0,1,0,1,0,0,0,0,0,1,0,0,284.318
553,0,1,0,1,0,0,0,0,0,1,0,0,284.818
554,0,1,0,0,0,0,0,0,0,1,0,0,285.318
555,0,1,0,0,0,1,0,0,0,1,1,0,285.818
556,0,1,0,0,0,1,0,0,0,1,1,0,286.318
557,0,1,0,0,0,1,0,0,0,1,1,0,286.818
558,0,1,0,0,0,1,0,0,0,1,1,0,287.318
559,1,1,0,0,0,1,1,0,0,1,1,0,287.818
560,1,1,0,0,0,1,1,0,0,1,0,1,288.318
561,1,1,0,0,0,1,1,0,0,1,0,1,288.818
562,1,1,0,1,1,1,1,0,0,1,0,1,289.318
563,0,1,0,1,1,1,1,0,0,1,0,1,289.818
564,0,1,0,1,1,1,1,0,0,1,0,1,290.318
565,0,1,0,1,1,1,1,0,0,1,0,1,290.818
566,0,1,0,0,0,1,1,0,0,0,0,1,291.318
567,0,1,0,0,0,1,1,1,0,0,0,1,291.818
568,0,1,0,0,0,1,1,1,0,0,0,0,292.318
569,0,1,0,0,0,1,1,1,0,0,1,0,292.818
570,0,1,0,0,0,1,1,1,0,0,1,0,293.318
571,0,1,0,0,0,1,0,1,0,0,1,0,293.818
572,0,1,0,0,0,1,0,1,0,0,1,0,294.318
573,0,1,0,0,0,1,0,1,0,0,0,0,294.818
574,0,1,0,1,1,1,0,0,0,0,1,0,295.318
575,0,1,0,1,1,1,1,0,0,0,1,0,295.818
576,0,1,0,1,1,1,1,0,0,0,1,0,296.318
577,0,1,0,1,1,1,1,0,0,0,1,0,296.818
578,0,1,0,1,1,1,0,0,0,0,1,0,297.318
579,0,1,0,0,0,1,0,0,0,0,1,0,297.818
580,0,1,0,0,0,1,0,1,0,0,1,0,298.318
581,0,1,0,0,0,1,0,1,0,0,1,0,298.818
582,0,1,0,0,0,1,0,1,0,0,1,0,299.318
583,0,1,0,0,0,1,0,1,0,0,0,0,299.818
584,0,1,0,0,0,1,0,1,0,0,1,0,300.318
585,0,1,0,0,0,1,0,1,0,0,1,0,300.818
586,0,1,0,0,0,1,0,1,0,0,1,0,301.318
587,0,1,0,0,0,1,0,1,0,0,1,0,301.818
588,1,1,0,0,0,1,0,0,0,1,0,1,302.318
589,1,1,0,1,0,1,0,0,0,1,0,1,302.818
590,1,1,0,1,0,1,0,0,0,1,0,1,303.318
591,0,1,0,1,0,1,0,0,0,1,0,0,303.818
592,0,1,0,0,0,1,0,0,0,1,1,0,304.318
593,0,1,0,1,1,1,0,0,0,1,1,0,304.818
594,0,1,0,1,1,1,1,0,0,1,1,0,305.318
595,0,1,0,1,1,1,1,0,0,1,1,0,305.818
596,0,1,0,1,1,1,1,0,0,1,1,0,306.318
597,0,1,0,0,0,1,0,1,0,0,1,0,306.818
598,0,1,0,0,0,1,0,1,0,0,1,0,307.318
599,0,1,0,0,0,1,0,1,0,0,1,0,307.818
600,0,1,0,0,0,1,0,1,0,0,0,0,308.318
601,0,1,0,0,0,1,0,1,0,0,0,0,308.818
602,0,1,0,0,0,1,0,1,0,0,0,0,309.318
603,0,1,0,0,0,1,0,1,0,0,0,0,309.818
604,0,1,0,0,0,1,0,0,0,0,0,0,310.318
605,0,1,0,0,0,1,0,0,0,0,1,0,310.818
606,0,1,0,0,0,1,0,0,0,0,1,0,311.318
607,0,1,0,0,0,1,0,0,0,0,1,0,311.818
608,0,1,0,0,0,0,0,0,0,0,0,0,312.318
609,0,1,0,0,0,0,0,0,0,0,0,0,312.818
610,0,1,0,0,0,0,0,0,0,0,0,0,313.318
611,0,1,0,0,0,0,0,0,0,0,0,0,313.818
612,0,1,0,0,0,0,0,0,0,0,0,0,314.318
613,0,1,0,0,0,0,0,0,0,0,0,0,314.818
614,0,1,0,0,0,0,0,0,0,0,0,0,315.318
615,0,1,0,0,0,0,0,0,0,0,0,0,315.818
616,0,1,0,0,0,0,0,1,0,0,0,0,316.318
617,0,1,0,0,0,0,0,1,0,0,0,0,316.818
618,0,1,0,0,0,0,0,1,0,0,0,0,317.318
619,0,1,0,0,0,0,0,1,0,0,0,0,317.818
620,0,1,0,0,0,0,0,1,0,0,0,0,318.318
621,0,1,0,1,1,0,0,1,0,0,0,0,318.818
622,0,1,0,1,1,0,0,1,0,0,0,0,319.318
623,0,1,0,1,1,0,0,1,0,0,0,0,319.818
624,0,1,0,1,1,0,0,1,0,0,0,0,320.318
625,0,1,0,1,1,0,0,1,0,0,0,0,320.818
626,0,1,0,0,0,0,0,0,0,0,0,0,321.318
627,0,1,0,1,1,0,0,0,0,0,0,0,321.818
628,0,1,0,1,1,0,0,0,0,0,0,0,322.318
629,0,1,0,0,0,0,0,0,0,0,0,0,322.818
630,0,1,0,0,0,0,0,0,0,0,0,0,323.318
631,0,1,0,0,0,0,0,0,0,0,0,0,323.818
632,0,1,0,0,0,0,0,1,0,0,0,0,324.318
633,0,1,0,0,0,0,0,1,0,0,0,0,324.818
634,0,1,0,0,0,0,0,1,0,0,0,0,325.318
635,0,1,0,0,0,0,0,1,0,0,0,0,325.818
636,0,1,0,0,0,0,0,1,0,0,0,0,326.318
637,0,1,0,0,0,0,0,1,0,0,0,0,326.818
638,0,1,0,0,0,0,0,1,0,0,0,0,327.318
639,0,1,0,0,0,1,0,1,0,0,0,0,327.818
640,0,1,0,0,0,1,0,1,0,0,0,0,328.318
641,0,1,0,0,0,1,0,1,0,0,0,0,328.818
642,0,0,0,0,0,1,0,0,0,0,0,0,329.318
643,0,0,0,0,0,1,0,0,0,0,0,0,329.818
644,0,0,0,0,0,1,0,0,0,0,0,0,330.318
645,0,1,0,0,0,1,0,0,0,0,0,0,330.818
646,0,1,0,0,0,1,0,0,0,0,0,0,331.318
647,0,1,0,0,0,1,0,0,0,0,0,0,331.818
648,0,1,0,1,1,1,0,0,0,1,0,0,332.318
649,0,1,0,1,1,1,0,0,0,1,0,0,332.818
650,0,1,0,1,1,1,0,0,0,1,0,0,333.318
651,1,1,0,1,1,1,0,0,0,1,0,0,333.818
652,1,1,0,0,0,1,0,0,0,1,0,0,334.318
653,1,1,0,0,0,1,0,0,0,1,0,0,334.818
654,0,1,0,0,0,1,0,0,0,0,0,0,335.318
655,0,1,0,0,0,1,0,0,0,0,0,0,335.818
656,0,1,0,0,0,1,0,0,0,0,0,0,336.318
657,0,1,0,0,0,1,0,0,0,0,0,0,336.818
658,0,1,0,0,0,1,0,0,0,0,0,0,337.318
659,0,1,0,0,0,0,0,0,0,0,0,0,337.818
660,0,1,0,0,0,0,0,0,0,0,0,0,338.318
